MatchDate,Opposition,Ground,Runs,Mins,Balls Faced,4s,6s,Strike Rate,Batting Position,Dismissal,Inns,Match,Year
16-Mar-12,Bangladesh,Dhaka,114,205,147,12,1,77.55,2,caught,1,462,2012
13-Mar-12,Sri Lanka,Dhaka,6,25,19,1,0,31.57,2,caught,1,461,2012
28-Feb-12,Sri Lanka,Hobart,39,45,30,5,0,130,2,lbw,2,460,2012
26-Feb-12,Australia,Sydney,14,34,15,2,0,93.33,2,run out,2,459,2012
21-Feb-12,Sri Lanka,Brisbane,22,33,23,3,0,95.65,2,bowled,2,458,2012
19-Feb-12,Australia,Brisbane,3,21,12,0,0,25,2,caught,2,457,2012
14-Feb-12,Sri Lanka,Adelaide,15,25,24,2,0,62.5,2,caught,2,456,2012
08-Feb-12,Sri Lanka,Perth,48,87,63,5,0,76.19,2,bowled,2,455,2012
05-Feb-12,Australia,Melbourne,2,9,6,0,0,33.33,2,caught,2,454,2012
02-Apr-11,Sri Lanka,Mumbai,18,21,14,2,0,128.57,2,caught,2,453,2011
30-Mar-11,Pakistan,Mohali,85,160,115,11,0,73.91,2,caught,1,452,2011
24-Mar-11,Australia,Ahmedabad,53,93,68,7,0,77.94,2,caught,2,451,2011
20-Mar-11,West Indies,Chennai,2,4,4,0,0,50,2,caught,1,450,2011
12-Mar-11,South Africa,Nagpur,111,184,101,8,3,109.9,2,caught,1,449,2011
09-Mar-11,Netherlands,Delhi,27,45,22,6,0,122.72,2,caught,2,448,2011
06-Mar-11,Ireland,Bangalore,38,91,56,4,0,67.85,2,lbw,2,447,2011
27-Feb-11,England,Bangalore,120,170,115,10,5,104.34,2,caught,1,446,2011
19-Feb-11,Bangladesh,Dhaka,28,46,29,4,0,96.55,2,run out,1,445,2011
15-Jan-11,South Africa,Johannesburg,24,78,44,2,0,54.54,2,bowled,1,444,2011
12-Jan-11,South Africa,Durban,7,16,11,0,0,63.63,2,caught,2,443,2011
24-Feb-10,South Africa,Gwalior,200,226,147,25,3,136.05,2,not out,1,442,2010
21-Feb-10,South Africa,Jaipur,4,,5,1,0,80,2,run out,1,441,2010
24-Dec-09,Sri Lanka,Kolkata,8,,8,2,0,100,2,caught,2,440,2009
21-Dec-09,Sri Lanka,Cuttack,96,187,104,13,0,92.3,2,not out,2,439,2009
18-Dec-09,Sri Lanka,Nagpur,43,76,52,4,0,82.69,2,stumped,1,438,2009
15-Dec-09,Sri Lanka,Rajkot,69,91,63,10,1,109.52,2,bowled,1,437,2009
08-Nov-09,Australia,Guwahati,10,23,17,2,0,58.82,2,caught,1,436,2009
05-Nov-09,Australia,Hyderabad (Deccan),175,210,141,19,4,124.11,2,caught,2,435,2009
02-Nov-09,Australia,Mohali,40,86,68,6,0,58.82,2,lbw,2,434,2009
31-Oct-09,Australia,Delhi,32,63,47,2,0,68.08,2,run out,2,433,2009
28-Oct-09,Australia,Nagpur,4,14,8,1,0,50,2,caught,1,432,2009
25-Oct-09,Australia,Vadodara,14,40,29,2,0,48.27,2,caught,2,431,2009
28-Sep-09,Australia,Centurion,-1,-1,-1,-1,-1,-1,-1,-1,,430,2009
26-Sep-09,Pakistan,Centurion,8,19,14,1,0,-1,-1,caught,2,429,2009
14-Sep-09,Sri Lanka,Colombo (RPS),138,214,133,10,1,-1,-1,lbw,1,428,2009
12-Sep-09,Sri Lanka,Colombo (RPS),27,63,33,5,0,-1,-1,caught,2,427,2009
11-Sep-09,New Zealand,Colombo (RPS),46,81,55,6,0,-1,-1,caught,2,426,2009
08-Mar-09,New Zealand,Christchurch,163,206,133,16,5,-1,-1,retired not out,1,425,2009
06-Mar-09,New Zealand,Wellington,61,100,69,7,1,-1,-1,lbw,1,424,2009
03-Mar-09,New Zealand,Napier,20,43,23,2,0,-1,-1,caught,1,423,2009
03-Feb-09,Sri Lanka,Colombo (RPS),7,9,12,0,1,-1,-1,lbw,1,422,2009
31-Jan-09,Sri Lanka,Colombo (RPS),6,11,9,0,0,-1,-1,lbw,1,421,2009
28-Jan-09,Sri Lanka,Dambulla,5,15,16,0,0,-1,-1,lbw,2,420,2009
26-Nov-08,England,Cuttack,50,99,57,6,0,87.71,2,bowled,2,419,2008
23-Nov-08,England,Bangalore,11,40,21,2,0,52.38,2,bowled,1,418,2008
04-Mar-08,Australia,Brisbane,91,176,121,7,0,75.2,2,caught,1,417,2008
02-Mar-08,Australia,Sydney,117,235,120,10,0,97.5,2,not out,2,416,2008
26-Feb-08,Sri Lanka,Hobart,63,92,54,10,0,116.66,2,caught,2,415,2008
24-Feb-08,Australia,Sydney,2,3,3,0,0,66.66,2,lbw,2,414,2008
19-Feb-08,Sri Lanka,Adelaide,0,6,2,0,0,0,2,bowled,2,413,2008
17-Feb-08,Australia,Adelaide,5,23,15,1,0,33.33,2,lbw,2,412,2008
12-Feb-08,Sri Lanka,Canberra,32,41,30,4,0,106.66,2,caught,1,411,2008
10-Feb-08,Australia,Melbourne,44,123,54,3,0,81.48,2,caught,2,410,2008
05-Feb-08,Sri Lanka,Brisbane,35,70,52,2,0,67.3,2,bowled,1,409,2008
03-Feb-08,Australia,Brisbane,10,30,17,1,0,58.82,2,hit wicket,1,408,2008
18-Nov-07,Pakistan,Jaipur,30,54,27,6,0,111.11,2,caught,2,407,2007
15-Nov-07,Pakistan,Gwalior,97,149,102,16,0,95.09,2,bowled,2,406,2007
11-Nov-07,Pakistan,Kanpur,29,54,27,5,0,107.4,2,caught,1,405,2007
08-Nov-07,Pakistan,Mohali,99,130,91,14,1,108.79,2,caught,1,404,2007
05-Nov-07,Pakistan,Guwahati,4,14,7,1,0,57.14,2,lbw,2,403,2007
17-Oct-07,Australia,Mumbai,21,52,36,4,0,58.33,2,bowled,2,402,2007
14-Oct-07,Australia,Nagpur,72,105,72,9,1,100,2,stumped,2,401,2007
11-Oct-07,Australia,Vadodara,47,128,73,9,0,64.38,2,caught,1,400,2007
08-Oct-07,Australia,Chandigarh,79,184,119,7,0,66.38,2,run out,1,399,2007
05-Oct-07,Australia,Hyderabad (Deccan),43,119,71,6,0,60.56,2,bowled,2,398,2007
02-Oct-07,Australia,Kochi,16,43,25,1,1,64,2,caught,2,397,2007
29-Sep-07,Australia,Bangalore,0,9,6,0,0,0,2,lbw,2,396,2007
08-Sep-07,England,Lord's,30,80,46,4,0,65.21,2,caught,1,395,2007
05-Sep-07,England,The Oval,94,120,81,16,1,116.04,2,caught,2,394,2007
02-Sep-07,England,Leeds,71,87,59,13,0,120.33,2,caught,1,393,2007
30-Aug-07,England,Manchester,55,128,86,9,0,63.95,2,caught,1,392,2007
27-Aug-07,England,Birmingham,8,42,19,1,0,42.1,2,caught,2,391,2007
24-Aug-07,England,Bristol,99,158,112,15,1,88.39,2,caught,1,390,2007
21-Aug-07,England,Southampton,17,52,33,1,0,51.51,2,caught,2,389,2007
01-Jul-07,South Africa,Belfast,8,10,8,2,0,100,2,caught,2,388,2007
29-Jun-07,South Africa,Belfast,93,140,106,13,2,87.73,2,bowled,2,387,2007
26-Jun-07,South Africa,Belfast,99,199,143,12,0,69.23,2,run out,1,386,2007
23-Jun-07,Ireland,Belfast,4,4,3,1,0,133.33,2,bowled,2,385,2007
23-Mar-07,Sri Lanka,Port of Spain,0,5,3,0,0,0,4,bowled,2,384,2007
19-Mar-07,Bermuda,Port of Spain,57,46,29,2,4,196.55,6,not out,1,383,2007
17-Mar-07,Bangladesh,Port of Spain,7,40,26,1,0,26.92,4,caught,1,382,2007
14-Feb-07,Sri Lanka,Margao,1,13,8,0,0,12.5,3,bowled,2,381,2007
11-Feb-07,Sri Lanka,Rajkot,54,94,61,9,0,88.52,4,stumped,2,380,2007
08-Feb-07,Sri Lanka,Kolkata,-1,-1,-1,-1,-1,-1,-1,-1,,379,2007
31-Jan-07,West Indies,Vadodara,100,110,76,10,1,131.57,4,not out,1,378,2007
27-Jan-07,West Indies,Chennai,60,112,66,2,0,90.9,4,caught,1,377,2007
24-Jan-07,West Indies,Cuttack,0,6,6,0,0,0,4,caught,1,376,2007
21-Jan-07,West Indies,Nagpur,31,54,38,3,0,81.57,3,lbw,1,375,2007
03-Dec-06,South Africa,Centurion,55,134,97,8,0,56.7,2,caught,1,374,2006
29-Nov-06,South Africa,Port Elizabeth,1,4,3,0,0,33.33,3,caught,2,373,2006
26-Nov-06,South Africa,Cape Town,2,20,9,0,0,22.22,2,caught,2,372,2006
22-Nov-06,South Africa,Durban,35,79,51,5,0,68.62,2,bowled,2,371,2006
29-Oct-06,Australia,Mohali,10,46,26,2,0,38.46,2,caught,1,370,2006
26-Oct-06,West Indies,Ahmedabad,29,81,45,4,0,64.44,2,bowled,1,369,2006
15-Oct-06,England,Jaipur,35,87,41,5,0,85.36,2,lbw,2,368,2006
22-Sep-06,Australia,Kuala Lumpur,4,11,10,1,0,40,2,caught,2,367,2006
20-Sep-06,West Indies,Kuala Lumpur,65,154,102,7,0,63.72,2,run out,1,366,2006
16-Sep-06,Australia,Kuala Lumpur,12,30,17,2,0,70.58,2,caught,2,365,2006
14-Sep-06,West Indies,Kuala Lumpur,141,,148,13,5,95.27,2,not out,1,364,2006
18-Aug-06,Sri Lanka,Colombo (SSC),2,16,3,0,0,66.66,2,not out,1,363,2006
16-Feb-06,Pakistan,Multan,0,7,3,0,0,0,2,caught,2,362,2006
13-Feb-06,Pakistan,Lahore,95,157,104,16,1,91.34,2,caught,2,361,2006
11-Feb-06,Pakistan,Rawalpindi,42,71,43,8,0,97.67,2,caught,2,360,2006
06-Feb-06,Pakistan,Peshawar,100,188,113,10,1,88.49,2,lbw,1,359,2006
28-Nov-05,South Africa,Mumbai,30,77,44,5,0,68.18,2,caught,2,358,2005
25-Nov-05,South Africa,Kolkata,2,18,15,0,0,13.33,3,caught,1,357,2005
19-Nov-05,South Africa,Bangalore,2,31,22,0,0,9.09,2,caught,2,356,2005
16-Nov-05,South Africa,Hyderabad (Deccan),2,20,9,0,0,22.22,2,caught,1,355,2005
12-Nov-05,Sri Lanka,Vadodara,39,76,48,8,0,81.25,2,caught,2,354,2005
09-Nov-05,Sri Lanka,Rajkot,19,46,30,3,0,63.33,2,caught,2,353,2005
03-Nov-05,Sri Lanka,Pune,11,28,19,1,1,57.89,2,bowled,2,352,2005
31-Oct-05,Sri Lanka,Jaipur,2,2,3,0,0,66.66,2,caught,2,351,2005
28-Oct-05,Sri Lanka,Mohali,67,87,69,11,0,97.1,2,not out,2,350,2005
25-Oct-05,Sri Lanka,Nagpur,93,149,96,9,2,96.87,2,caught,1,349,2005
17-Apr-05,Pakistan,Delhi,9,38,15,0,0,60,2,bowled,2,348,2005
15-Apr-05,Pakistan,Kanpur,1,13,10,0,0,10,2,caught,1,347,2005
12-Apr-05,Pakistan,Ahmedabad,123,192,130,12,2,94.61,2,bowled,1,346,2005
09-Apr-05,Pakistan,Jamshedpur,6,15,11,1,0,54.54,2,caught,2,345,2005
05-Apr-05,Pakistan,Visakhapatnam,2,17,8,0,0,25,2,run out,1,344,2005
02-Apr-05,Pakistan,Kochi,4,8,4,1,0,100,2,caught,1,343,2005
27-Dec-04,Bangladesh,Dhaka,47,60,42,9,0,111.9,2,caught,1,342,2004
23-Dec-04,Bangladesh,Chittagong,19,46,32,3,0,59.37,2,caught,1,341,2004
13-Nov-04,Pakistan,Kolkata,16,30,17,2,0,94.11,2,run out,1,340,2004
01-Aug-04,Sri Lanka,Colombo (RPS),74,170,100,7,1,74,2,bowled,2,339,2004
27-Jul-04,Sri Lanka,Colombo (RPS),18,30,21,3,0,85.71,1,lbw,1,338,2004
25-Jul-04,Pakistan,Colombo (RPS),78,192,103,6,0,75.72,2,caught,2,337,2004
21-Jul-04,Bangladesh,Colombo (SSC),82,157,126,10,1,65.07,2,not out,2,336,2004
18-Jul-04,Sri Lanka,Dambulla,11,17,13,2,0,84.61,1,caught,2,335,2004
16-Jul-04,United Arab Emirates,Dambulla,18,39,25,2,0,72,2,caught,1,334,2004
24-Mar-04,Pakistan,Lahore,37,60,48,7,0,77.08,2,caught,1,333,2004
21-Mar-04,Pakistan,Lahore,7,22,13,1,0,53.84,2,caught,2,332,2004
19-Mar-04,Pakistan,Peshawar,0,7,5,0,0,0,2,caught,1,331,2004
16-Mar-04,Pakistan,Rawalpindi,141,173,135,17,1,104.44,2,caught,2,330,2004
13-Mar-04,Pakistan,Karachi,28,49,35,4,1,80,2,caught,1,329,2004
08-Feb-04,Australia,Sydney,27,38,40,4,0,67.5,2,caught,2,328,2004
06-Feb-04,Australia,Melbourne,8,28,22,1,0,36.36,2,bowled,1,327,2004
03-Feb-04,Zimbabwe,Perth,3,16,8,0,0,37.5,2,caught,2,326,2004
01-Feb-04,Australia,Perth,5,17,6,1,0,83.33,2,caught,1,325,2004
18-Jan-04,Australia,Brisbane,86,129,95,8,0,90.52,2,caught,1,324,2004
14-Jan-04,Zimbabwe,Hobart,44,107,59,6,0,74.57,2,bowled,2,323,2004
09-Jan-04,Australia,Melbourne,63,117,69,8,1,91.3,2,caught,2,322,2004
18-Nov-03,Australia,Kolkata,45,104,66,5,0,68.18,1,bowled,2,321,2003
15-Nov-03,New Zealand,Hyderabad (Deccan),102,124,91,12,1,112.08,2,caught,1,320,2003
12-Nov-03,Australia,Bangalore,89,133,91,12,1,97.8,2,bowled,2,319,2003
06-Nov-03,New Zealand,Cuttack,14,29,14,3,0,100,2,lbw,1,318,2003
01-Nov-03,Australia,Mumbai,68,113,76,10,0,89.47,2,bowled,2,317,2003
26-Oct-03,Australia,Gwalior,100,158,119,9,1,84.03,2,caught,1,316,2003
23-Oct-03,New Zealand,Chennai,48,119,66,5,0,72.72,2,not out,1,315,2003
23-Mar-03,Australia,Johannesburg,4,2,5,1,0,80,1,caught,2,314,2003
20-Mar-03,Kenya,Durban,83,166,101,5,1,82.17,2,caught,1,313,2003
14-Mar-03,New Zealand,Centurion,15,25,16,3,0,93.75,2,caught,2,312,2003
10-Mar-03,Sri Lanka,Johannesburg,97,160,120,7,1,80.83,1,caught,1,311,2003
07-Mar-03,Kenya,Cape Town,5,21,12,1,0,41.66,2,caught,2,310,2003
01-Mar-03,Pakistan,Centurion,98,145,75,12,1,130.66,1,caught,2,309,2003
26-Feb-03,England,Durban,50,78,52,8,1,96.15,2,caught,1,308,2003
23-Feb-03,Namibia,Pietermaritzburg,152,193,151,18,0,100.66,2,bowled,1,307,2003
19-Feb-03,Zimbabwe,Harare,81,122,91,10,0,89.01,2,bowled,1,306,2003
15-Feb-03,Australia,Centurion,36,127,59,3,0,61.01,2,lbw,1,305,2003
12-Feb-03,Netherlands,Paarl,52,91,72,7,0,72.22,2,caught,1,304,2003
14-Jan-03,New Zealand,Hamilton,1,7,6,0,0,16.66,3,caught,1,303,2003
11-Jan-03,New Zealand,Auckland,1,21,13,0,0,7.69,4,caught,2,302,2003
08-Jan-03,New Zealand,Wellington,0,9,10,0,0,0,4,lbw,2,301,2003
30-Sep-02,Sri Lanka,Colombo (RPS),7,33,22,1,0,31.81,3,not out,2,300,2002
29-Sep-02,Sri Lanka,Colombo (RPS),-1,-1,-1,-1,-1,-1,-1,-1,2,299,2002
25-Sep-02,South Africa,Colombo (RPS),16,39,29,1,0,55.17,4,run out,1,298,2002
22-Sep-02,England,Colombo (RPS),9,34,20,0,0,45,4,not out,2,297,2002
14-Sep-02,Zimbabwe,Colombo (RPS),7,39,16,0,0,43.75,4,caught,1,296,2002
13-Jul-02,England,Lord's,14,31,19,1,0,73.68,4,bowled,2,295,2002
11-Jul-02,Sri Lanka,Bristol,113,141,102,12,1,110.78,4,caught,1,294,2002
09-Jul-02,England,The Oval,36,60,29,5,0,124.13,4,caught,2,293,2002
06-Jul-02,Sri Lanka,Birmingham,19,35,25,3,0,76,4,caught,2,292,2002
04-Jul-02,England,Chester-le-Street,105,167,108,8,1,97.22,4,not out,1,291,2002
30-Jun-02,Sri Lanka,The Oval,49,123,70,3,1,70,4,caught,2,290,2002
29-Jun-02,England,Lord's,1,12,9,0,0,11.11,4,lbw,2,289,2002
02-Jun-02,West Indies,Port of Spain,65,110,70,3,1,92.85,4,bowled,1,288,2002
29-May-02,West Indies,Bridgetown,34,64,45,2,0,75.55,4,not out,2,287,2002
03-Feb-02,England,Mumbai,12,22,18,1,1,66.66,2,caught,2,286,2002
31-Jan-02,England,Delhi,18,20,16,3,0,112.5,2,caught,2,285,2002
28-Jan-02,England,Kanpur,87,120,67,13,1,129.85,1,not out,2,284,2002
25-Jan-02,England,Chennai,68,110,79,10,0,86.07,1,lbw,2,283,2002
22-Jan-02,England,Cuttack,45,101,60,6,0,75,2,run out,2,282,2002
19-Jan-02,England,Kolkata,36,71,43,6,0,83.72,2,bowled,1,281,2002
26-Oct-01,South Africa,Durban,17,49,42,3,0,40.47,2,bowled,1,280,2001
24-Oct-01,Kenya,Paarl,146,186,132,17,0,110.6,2,caught,1,279,2001
19-Oct-01,South Africa,East London,37,68,35,5,0,105.71,2,bowled,2,278,2001
17-Oct-01,Kenya,Port Elizabeth,3,24,20,0,0,15,2,bowled,2,277,2001
12-Oct-01,Kenya,Bloemfontein,-1,-1,-1,-1,-1,-1,-1,-1,2,276,2001
10-Oct-01,South Africa,Centurion,38,82,57,5,0,66.66,2,caught,1,275,2001
05-Oct-01,South Africa,Johannesburg,101,209,129,9,0,78.29,2,caught,1,274,2001
07-Jul-01,West Indies,Harare,0,10,4,0,0,0,2,caught,2,273,2001
04-Jul-01,West Indies,Harare,122,210,131,12,1,93.12,2,not out,2,272,2001
30-Jun-01,West Indies,Bulawayo,81,191,110,8,0,73.63,2,not out,2,271,2001
27-Jun-01,Zimbabwe,Bulawayo,9,42,27,0,0,33.33,2,caught,2,270,2001
24-Jun-01,Zimbabwe,Harare,70,129,70,13,0,100,2,not out,2,269,2001
06-Apr-01,Australia,Margao,12,17,15,2,0,80,2,caught,1,268,2001
03-Apr-01,Australia,Visakhapatnam,62,68,38,11,0,163.15,2,caught,2,267,2001
31-Mar-01,Australia,Indore,139,197,125,19,0,111.2,2,caught,1,266,2001
28-Mar-01,Australia,Pune,32,35,29,6,1,110.34,2,caught,1,265,2001
25-Mar-01,Australia,Bangalore,35,47,26,6,1,134.61,2,run out,1,264,2001
14-Dec-00,Zimbabwe,Rajkot,27,38,38,5,0,71.05,2,bowled,1,263,2000
11-Dec-00,Zimbabwe,Kanpur,62,113,86,9,0,72.09,2,lbw,2,262,2000
08-Dec-00,Zimbabwe,Jodhpur,146,200,153,15,2,95.42,2,caught,1,261,2000
05-Dec-00,Zimbabwe,Ahmedabad,8,27,20,0,0,40,1,caught,1,260,2000
02-Dec-00,Zimbabwe,Cuttack,44,90,49,7,0,89.79,2,caught,2,259,2000
29-Oct-00,Sri Lanka,Sharjah,5,,11,0,0,45.45,2,caught,2,258,2000
27-Oct-00,Sri Lanka,Sharjah,61,,54,7,0,112.96,2,caught,2,257,2000
26-Oct-00,Zimbabwe,Sharjah,4,,10,0,0,40,1,caught,2,256,2000
22-Oct-00,Zimbabwe,Sharjah,8,,15,1,0,53.33,2,caught,1,255,2000
20-Oct-00,Sri Lanka,Sharjah,101,,140,3,1,72.14,2,run out,1,254,2000
15-Oct-00,New Zealand,Nairobi (Gym),69,103,83,10,1,83.13,2,run out,1,253,2000
13-Oct-00,South Africa,Nairobi (Gym),39,61,50,4,0,78,2,caught,1,252,2000
07-Oct-00,Australia,Nairobi (Gym),38,58,37,3,3,102.7,2,caught,1,251,2000
03-Oct-00,Kenya,Nairobi (Gym),25,55,35,4,0,71.42,2,lbw,2,250,2000
03-Jun-00,Pakistan,Dhaka,25,74,30,4,0,83.33,2,lbw,2,249,2000
01-Jun-00,Sri Lanka,Dhaka,93,174,95,10,0,97.89,2,caught,2,248,2000
30-May-00,Bangladesh,Dhaka,36,55,25,4,2,144,2,caught,2,247,2000
27-Mar-00,South Africa,Sharjah,39,117,68,3,0,57.35,1,run out,1,246,2000
26-Mar-00,Pakistan,Sharjah,10,23,18,1,0,55.55,2,bowled,2,245,2000
23-Mar-00,Pakistan,Sharjah,11,54,28,1,0,39.28,2,lbw,2,244,2000
22-Mar-00,South Africa,Sharjah,5,10,8,0,0,62.5,2,bowled,1,243,2000
19-Mar-00,South Africa,Nagpur,93,119,89,7,4,104.49,2,caught,2,242,2000
17-Mar-00,South Africa,Vadodara,122,195,138,12,0,88.4,2,caught,2,241,2000
15-Mar-00,South Africa,Faridabad,12,48,28,1,0,42.85,2,lbw,1,240,2000
12-Mar-00,South Africa,Jamshedpur,21,39,31,3,0,67.74,2,caught,2,239,2000
09-Mar-00,South Africa,Kochi,26,66,25,4,0,104,2,caught,2,238,2000
30-Jan-00,Australia,Perth,3,23,21,0,0,14.28,2,bowled,1,237,2000
28-Jan-00,Pakistan,Perth,17,19,14,4,0,121.42,1,caught,2,236,2000
26-Jan-00,Australia,Adelaide,18,45,28,2,0,64.28,1,caught,2,235,2000
25-Jan-00,Pakistan,Adelaide,41,69,46,5,0,89.13,1,caught,1,234,2000
21-Jan-00,Pakistan,Hobart,93,157,103,10,0,90.29,1,bowled,2,233,2000
14-Jan-00,Australia,Sydney,1,13,11,0,0,9.09,2,caught,1,232,2000
12-Jan-00,Australia,Melbourne,12,25,11,2,0,109.09,4,run out,2,231,2000
10-Jan-00,Pakistan,Brisbane,13,28,26,2,0,50,4,bowled,1,230,2000
17-Nov-99,New Zealand,Delhi,0,2,3,0,0,0,4,caught,2,229,1999
14-Nov-99,New Zealand,Guwahati,2,21,10,0,0,20,2,caught,2,228,1999
11-Nov-99,New Zealand,Gwalior,1,41,23,0,0,4.34,2,caught,1,227,1999
08-Nov-99,New Zealand,Hyderabad (Deccan),186,221,150,20,3,124,2,not out,1,226,1999
05-Nov-99,New Zealand,Rajkot,32,61,31,2,1,103.22,2,caught,2,225,1999
08-Sep-99,West Indies,Singapore,0,,6,0,0,0,1,caught,1,224,1999
07-Sep-99,West Indies,Singapore,40,97,65,6,0,61.53,1,caught,1,223,1999
04-Sep-99,Zimbabwe,Singapore,85,114,72,7,3,118.05,2,caught,1,222,1999
29-Aug-99,Sri Lanka,Colombo (SSC),120,191,141,11,2,85.1,1,caught,1,221,1999
25-Aug-99,Sri Lanka,Colombo (RPS),37,105,58,1,0,63.79,2,run out,1,220,1999
23-Aug-99,Australia,Galle,14,52,33,0,0,42.42,2,caught,1,219,1999
12-Jun-99,New Zealand,Nottingham,16,26,22,2,0,72.72,1,bowled,1,218,1999
08-Jun-99,Pakistan,Manchester,45,92,65,5,0,69.23,1,caught,1,217,1999
04-Jun-99,Australia,The Oval,0,5,4,0,0,0,2,caught,2,216,1999
29-May-99,England,Birmingham,22,49,40,2,0,55,4,caught,1,215,1999
26-May-99,Sri Lanka,Taunton,2,10,3,0,0,66.66,4,bowled,1,214,1999
23-May-99,Kenya,Bristol,140,114,101,16,3,138.61,4,not out,1,213,1999
15-May-99,South Africa,Hove,28,71,46,5,0,60.86,2,caught,1,212,1999
16-Jan-99,New Zealand,Auckland,5,27,12,1,0,41.66,1,lbw,2,211,1999
14-Jan-99,New Zealand,Wellington,45,68,42,2,2,107.14,2,stumped,1,210,1999
12-Jan-99,New Zealand,Napier,23,37,19,4,0,121.05,2,caught,2,209,1999
09-Jan-99,New Zealand,Taupo,0,10,5,0,0,0,2,caught,1,208,1999
13-Nov-98,Zimbabwe,Sharjah,124,140,92,12,6,134.78,2,not out,2,207,1998
11-Nov-98,Zimbabwe,Sharjah,11,33,12,2,0,91.66,2,caught,2,206,1998
09-Nov-98,Sri Lanka,Sharjah,18,57,28,2,0,64.28,1,caught,1,205,1998
08-Nov-98,Zimbabwe,Sharjah,118,173,112,14,2,105.35,2,not out,2,204,1998
06-Nov-98,Sri Lanka,Sharjah,3,15,6,0,0,50,2,caught,2,203,1998
31-Oct-98,West Indies,Dhaka,8,20,14,1,0,57.14,2,caught,1,202,1998
28-Oct-98,Australia,Dhaka,141,191,128,13,3,110.15,2,run out,1,201,1998
30-Sep-98,Zimbabwe,Harare,2,7,6,0,0,33.33,2,caught,2,200,1998
27-Sep-98,Zimbabwe,Bulawayo,29,33,21,4,1,138.09,1,caught,2,199,1998
26-Sep-98,Zimbabwe,Bulawayo,127,155,130,13,1,97.69,2,not out,2,198,1998
20-Sep-98,Pakistan,Toronto,77,157,109,9,0,70.64,2,caught,1,197,1998
07-Jul-98,Sri Lanka,Colombo (RPS),128,182,131,8,2,97.7,2,stumped,1,196,1998
03-Jul-98,New Zealand,Colombo (SSC),-1,-1,-1,-1,-1,-1,-1,-1,,195,1998
01-Jul-98,Sri Lanka,Colombo (SSC),17,28,16,4,0,106.25,2,caught,2,194,1998
23-Jun-98,New Zealand,Colombo (RPS),53,43,36,3,3,147.22,2,caught,2,193,1998
19-Jun-98,Sri Lanka,Colombo (RPS),65,79,50,9,0,130,2,caught,2,192,1998
31-May-98,Kenya,Kolkata,100,156,103,13,0,97.08,2,not out,2,191,1998
28-May-98,Kenya,Gwalior,18,33,25,2,0,72,2,caught,2,190,1998
25-May-98,Bangladesh,Mumbai,33,48,29,6,0,113.79,2,caught,2,189,1998
24-Apr-98,Australia,Sharjah,134,195,131,12,3,102.29,2,lbw,2,188,1998
22-Apr-98,Australia,Sharjah,143,187,131,9,5,109.16,2,caught,2,187,1998
20-Apr-98,New Zealand,Sharjah,38,93,58,2,0,65.51,1,run out,1,186,1998
19-Apr-98,Australia,Sharjah,80,136,72,9,0,111.11,2,caught,2,185,1998
17-Apr-98,New Zealand,Sharjah,40,62,41,5,1,97.56,1,caught,1,184,1998
14-Apr-98,Australia,Delhi,15,45,24,2,0,62.5,2,caught,1,183,1998
09-Apr-98,Zimbabwe,Cuttack,1,18,2,0,0,50,2,caught,1,182,1998
07-Apr-98,Australia,Kanpur,100,132,89,5,7,112.35,2,caught,2,181,1998
05-Apr-98,Zimbabwe,Vadodara,5,44,17,0,0,29.41,2,run out,1,180,1998
01-Apr-98,Australia,Kochi,8,21,11,1,0,72.72,2,caught,1,179,1998
18-Jan-98,Pakistan,Dhaka,41,,26,7,1,157.69,2,caught,2,178,1998
16-Jan-98,Pakistan,Dhaka,1,14,6,0,0,16.66,2,bowled,1,177,1998
14-Jan-98,Pakistan,Dhaka,95,104,78,6,5,121.79,2,bowled,2,176,1998
11-Jan-98,Pakistan,Dhaka,67,,44,11,0,152.27,2,stumped,1,175,1998
10-Jan-98,Bangladesh,Dhaka,54,104,76,4,0,71.05,4,caught,2,174,1998
28-Dec-97,Sri Lanka,Margao,6,23,13,0,0,46.15,3,caught,1,173,1997
25-Dec-97,Sri Lanka,Indore,-1,-1,-1,-1,-1,-1,-1,-1,,172,1997
22-Dec-97,Sri Lanka,Guwahati,82,110,86,6,0,95.34,4,not out,2,171,1997
16-Dec-97,West Indies,Sharjah,1,3,2,0,0,50,4,run out,2,170,1997
14-Dec-97,Pakistan,Sharjah,3,4,4,0,0,75,5,caught,1,169,1997
11-Dec-97,England,Sharjah,91,146,87,4,2,104.59,4,stumped,2,168,1997
02-Oct-97,Pakistan,Lahore,7,19,11,1,0,63.63,1,caught,1,167,1997
30-Sep-97,Pakistan,Karachi,21,24,18,2,1,116.66,1,caught,2,166,1997
28-Sep-97,Pakistan,Hyderabad (Sind),2,17,11,0,0,18.18,1,bowled,1,165,1997
21-Sep-97,Pakistan,Toronto,51,106,64,4,1,79.68,1,lbw,1,164,1997
20-Sep-97,Pakistan,Toronto,6,10,7,1,0,85.71,1,caught,2,163,1997
18-Sep-97,Pakistan,Toronto,0,26,10,0,0,0,4,caught,1,162,1997
17-Sep-97,Pakistan,Toronto,-1,-1,-1,-1,-1,-1,-1,-1,,161,1997
14-Sep-97,Pakistan,Toronto,25,66,45,3,0,55.55,4,not out,2,160,1997
13-Sep-97,Pakistan,Toronto,17,82,54,2,0,31.48,1,caught,1,159,1997
24-Aug-97,Sri Lanka,Colombo (SSC),39,41,32,3,2,121.87,1,caught,2,158,1997
23-Aug-97,Sri Lanka,Colombo (SSC),27,47,31,4,0,87.09,2,caught,1,157,1997
20-Aug-97,Sri Lanka,Colombo (RPS),6,4,6,1,0,100,1,lbw,1,156,1997
17-Aug-97,Sri Lanka,Colombo (RPS),27,55,28,3,0,96.42,1,caught,2,155,1997
26-Jul-97,Sri Lanka,Colombo (RPS),53,109,67,2,0,79.1,4,caught,1,154,1997
24-Jul-97,Bangladesh,Colombo (SSC),28,36,21,5,0,133.33,2,bowled,2,153,1997
20-Jul-97,Pakistan,Colombo (SSC),-1,-1,-1,-1,-1,-1,-1,-1,,152,1997
18-Jul-97,Sri Lanka,Colombo (RPS),21,49,28,3,0,75,1,bowled,1,151,1997
21-May-97,Pakistan,Chennai,4,10,7,1,0,57.14,1,caught,2,150,1997
17-May-97,Sri Lanka,Mumbai,2,19,4,0,0,50,2,caught,1,149,1997
14-May-97,New Zealand,Bangalore,117,188,137,13,2,85.4,2,bowled,2,148,1997
03-May-97,West Indies,Bridgetown,1,17,11,0,0,9.09,1,caught,1,147,1997
30-Apr-97,West Indies,Kingstown,9,22,15,1,0,60,1,bowled,2,146,1997
27-Apr-97,West Indies,Port of Spain,65,111,70,7,0,92.85,1,not out,2,145,1997
26-Apr-97,West Indies,Port of Spain,44,57,43,10,0,102.32,1,caught,1,144,1997
15-Feb-97,Zimbabwe,Bulawayo,13,18,15,0,1,86.66,2,caught,1,143,1997
13-Feb-97,South Africa,Durban,45,48,33,7,1,136.36,2,caught,2,142,1997
12-Feb-97,South Africa,Durban,32,55,27,6,0,118.51,2,caught,1,141,1997
09-Feb-97,Zimbabwe,Benoni,104,121,97,8,1,107.21,2,caught,2,140,1997
07-Feb-97,Zimbabwe,Centurion,41,81,56,1,1,73.21,4,caught,1,139,1997
04-Feb-97,South Africa,East London,14,34,24,2,0,58.33,3,caught,1,138,1997
02-Feb-97,South Africa,Port Elizabeth,1,14,14,0,0,7.14,4,bowled,1,137,1997
27-Jan-97,Zimbabwe,Paarl,6,8,8,1,0,75,1,caught,2,136,1997
23-Jan-97,South Africa,Bloemfontein,0,12,4,0,0,0,2,bowled,2,135,1997
14-Dec-96,South Africa,Mumbai,114,157,126,14,0,90.47,1,stumped,1,134,1996
06-Nov-96,South Africa,Mumbai,67,128,88,6,0,76.13,2,caught,1,133,1996
03-Nov-96,Australia,Mohali,62,,60,8,0,103.33,1,caught,1,132,1996
29-Oct-96,South Africa,Rajkot,28,55,38,5,0,73.68,1,lbw,1,131,1996
23-Oct-96,South Africa,Jaipur,64,133,93,3,0,68.81,2,caught,2,130,1996
21-Oct-96,Australia,Bangalore,88,189,111,9,0,79.27,2,lbw,2,129,1996
17-Oct-96,South Africa,Hyderabad (Deccan),11,20,8,2,0,137.5,2,caught,2,128,1996
23-Sep-96,Pakistan,Toronto,23,,44,0,1,52.27,2,run out,2,127,1996
21-Sep-96,Pakistan,Toronto,3,,9,0,0,33.33,2,caught,2,126,1996
18-Sep-96,Pakistan,Toronto,2,,13,0,0,15.38,2,caught,1,125,1996
17-Sep-96,Pakistan,Toronto,20,,23,3,0,86.95,2,caught,1,124,1996
16-Sep-96,Pakistan,Toronto,89,,89,9,3,100,2,not out,2,123,1996
06-Sep-96,Australia,Colombo (SSC),7,24,11,1,0,63.63,2,caught,1,122,1996
01-Sep-96,Zimbabwe,Colombo (SSC),40,60,46,8,0,86.95,2,caught,2,121,1996
28-Aug-96,Sri Lanka,Colombo (RPS),110,,138,5,1,79.71,2,run out,1,120,1996
26-May-96,England,Manchester,1,18,11,0,0,9.09,2,caught,1,119,1996
25-May-96,England,Leeds,6,26,19,0,0,31.57,2,run out,1,118,1996
23-May-96,England,The Oval,30,30,19,5,1,157.89,2,lbw,2,117,1996
19-Apr-96,South Africa,Sharjah,57,104,71,6,0,80.28,2,run out,2,116,1996
17-Apr-96,South Africa,Sharjah,17,32,26,2,0,65.38,2,caught,1,115,1996
15-Apr-96,Pakistan,Sharjah,118,,140,8,2,84.28,2,caught,1,114,1996
14-Apr-96,South Africa,Sharjah,2,23,15,0,0,13.33,2,caught,2,113,1996
12-Apr-96,Pakistan,Sharjah,1,,5,0,0,20,2,caught,2,112,1996
05-Apr-96,Pakistan,Singapore,100,,111,9,1,90.09,2,stumped,1,111,1996
03-Apr-96,Sri Lanka,Singapore,28,,31,3,1,90.32,1,caught,1,110,1996
13-Mar-96,Sri Lanka,Kolkata,65,96,88,9,0,73.86,1,stumped,2,109,1996
09-Mar-96,Pakistan,Bangalore,31,103,59,3,0,52.54,2,bowled,1,108,1996
06-Mar-96,Zimbabwe,Kanpur,3,10,12,0,0,25,1,bowled,1,107,1996
02-Mar-96,Sri Lanka,Delhi,137,198,137,8,5,100,2,run out,1,106,1996
27-Feb-96,Australia,Mumbai,90,124,84,14,1,107.14,2,stumped,2,105,1996
21-Feb-96,West Indies,Gwalior,70,137,91,8,0,76.92,2,run out,2,104,1996
18-Feb-96,Kenya,Cuttack,127,175,138,15,1,92.02,2,not out,2,103,1996
29-Nov-95,New Zealand,Mumbai (BS),1,14,4,0,0,25,2,bowled,2,102,1995
26-Nov-95,New Zealand,Nagpur,65,96,59,9,1,110.16,2,run out,2,101,1995
24-Nov-95,New Zealand,Pune,7,27,11,1,0,63.63,2,caught,2,100,1995
18-Nov-95,New Zealand,Amritsar,39,79,51,4,0,76.47,2,caught,2,99,1995
15-Nov-95,New Zealand,Jamshedpur,30,30,20,5,0,150,2,caught,1,98,1995
14-Apr-95,Sri Lanka,Sharjah,41,51,41,5,0,100,2,caught,2,97,1995
09-Apr-95,Sri Lanka,Sharjah,112,137,107,15,1,104.67,2,not out,2,96,1995
07-Apr-95,Pakistan,Sharjah,4,13,9,1,0,44.44,2,caught,2,95,1995
05-Apr-95,Bangladesh,Sharjah,48,37,30,9,1,160,2,bowled,2,94,1995
22-Feb-95,Australia,Dunedin,47,65,40,7,0,117.5,2,caught,2,93,1995
18-Feb-95,South Africa,Hamilton,37,75,51,3,1,72.54,2,caught,2,92,1995
16-Feb-95,New Zealand,Napier,13,30,15,3,0,86.66,2,caught,1,91,1995
11-Nov-94,West Indies,Jaipur,105,180,134,10,0,78.35,2,caught,1,90,1994
09-Nov-94,West Indies,Cuttack,88,147,112,10,0,78.57,2,bowled,2,89,1994
07-Nov-94,West Indies,Visakhapatnam,54,130,64,5,0,84.37,2,caught,1,88,1994
05-Nov-94,West Indies,Kolkata,66,101,68,8,0,97.05,2,caught,1,87,1994
03-Nov-94,New Zealand,Delhi,62,80,54,13,0,114.81,2,bowled,1,86,1994
30-Oct-94,West Indies,Kanpur,34,53,47,7,0,72.34,2,bowled,2,85,1994
28-Oct-94,New Zealand,Vadodara,115,184,136,9,3,84.55,2,run out,2,84,1994
23-Oct-94,West Indies,Chennai,8,28,24,0,0,33.33,3,caught,2,83,1994
20-Oct-94,West Indies,Mumbai,0,7,4,0,0,0,2,caught,2,82,1994
17-Oct-94,West Indies,Faridabad,0,3,4,0,0,0,2,caught,2,81,1994
17-Sep-94,Sri Lanka,Colombo (SSC),0,6,2,0,0,0,2,caught,2,80,1994
09-Sep-94,Australia,Colombo (RPS),110,186,130,8,2,84.61,2,bowled,1,79,1994
05-Sep-94,Sri Lanka,Colombo (RPS),6,13,5,0,0,120,2,caught,1,78,1994
04-Sep-94,Sri Lanka,Colombo (RPS),11,,16,2,0,68.75,2,not out,1,77,1994
22-Apr-94,Pakistan,Sharjah,24,59,26,4,0,92.3,2,caught,2,76,1994
19-Apr-94,Australia,Sharjah,6,12,7,1,0,85.71,2,caught,2,75,1994
15-Apr-94,Pakistan,Sharjah,73,96,64,10,3,114.06,2,caught,1,74,1994
13-Apr-94,United Arab Emirates,Sharjah,63,125,77,7,1,81.81,2,caught,1,73,1994
02-Apr-94,New Zealand,Christchurch,40,34,26,8,0,153.84,2,bowled,1,72,1994
30-Mar-94,New Zealand,Wellington,63,91,75,9,0,84,2,lbw,1,71,1994
27-Mar-94,New Zealand,Auckland,82,69,49,15,2,167.34,2,caught,2,70,1994
25-Mar-94,New Zealand,Napier,15,22,19,1,0,78.94,5,caught,2,69,1994
20-Feb-94,Sri Lanka,Jalandhar,52,83,63,3,0,82.53,5,run out,1,68,1994
18-Feb-94,Sri Lanka,Hyderabad (Deccan),11,25,18,0,0,61.11,5,not out,2,67,1994
15-Feb-94,Sri Lanka,Rajkot,1,10,5,0,0,20,5,caught,1,66,1994
27-Nov-93,West Indies,Kolkata,28,,43,2,0,65.11,5,not out,1,65,1993
24-Nov-93,South Africa,Kolkata,15,,31,3,0,48.38,5,caught,1,64,1993
22-Nov-93,South Africa,Mohali,3,,25,0,0,12,4,caught,1,63,1993
18-Nov-93,Zimbabwe,Indore,24,22,16,1,1,150,6,caught,1,62,1993
16-Nov-93,West Indies,Ahmedabad,2,,8,0,0,25,5,lbw,2,61,1993
07-Nov-93,Sri Lanka,Kanpur,26,,30,4,0,86.66,5,not out,2,60,1993
14-Aug-93,Sri Lanka,Moratuwa,25,,39,1,0,64.1,5,caught,1,59,1993
12-Aug-93,Sri Lanka,Colombo (RPS),15,,30,0,0,50,5,run out,2,58,1993
25-Jul-93,Sri Lanka,Colombo (RPS),21,,39,1,0,53.84,5,caught,1,57,1993
25-Mar-93,Zimbabwe,Pune,-1,-1,-1,-1,-1,-1,-1,-1,2,56,1993
22-Mar-93,Zimbabwe,Guwahati,8,8,6,0,0,133.33,5,not out,2,55,1993
19-Mar-93,Zimbabwe,Faridabad,3,16,9,0,0,33.33,5,caught,1,54,1993
05-Mar-93,England,Gwalior,34,42,30,2,1,113.33,5,caught,2,53,1993
04-Mar-93,England,Gwalior,5,7,6,1,0,83.33,5,bowled,2,52,1993
01-Mar-93,England,Jamshedpur,24,42,32,1,0,75,4,bowled,1,51,1993
26-Feb-93,England,Bangalore,3,7,6,0,0,50,4,caught,2,50,1993
21-Jan-93,England,Chandigarh,1,9,5,0,0,20,5,lbw,2,49,1993
18-Jan-93,England,Jaipur,82,116,81,6,1,101.23,5,not out,1,48,1993
19-Dec-92,South Africa,East London,21,,38,3,0,55.26,3,caught,2,47,1992
17-Dec-92,South Africa,Durban,23,,39,0,0,58.97,5,caught,2,46,1992
15-Dec-92,South Africa,Bloemfontein,32,,52,1,0,61.53,5,bowled,1,45,1992
13-Dec-92,South Africa,Johannesburg,21,,44,1,0,47.72,5,caught,1,44,1992
11-Dec-92,South Africa,Centurion,22,,24,2,0,91.66,5,caught,2,43,1992
09-Dec-92,South Africa,Port Elizabeth,10,,36,0,0,27.77,4,caught,1,42,1992
07-Dec-92,South Africa,Cape Town,15,,27,1,0,55.55,4,bowled,1,41,1992
25-Oct-92,Zimbabwe,Harare,39,92,56,7,0,69.64,4,caught,1,40,1992
15-Mar-92,South Africa,Adelaide,14,14,14,1,0,100,4,caught,1,39,1992
12-Mar-92,New Zealand,Dunedin,84,122,107,6,0,78.5,4,caught,1,38,1992
10-Mar-92,West Indies,Wellington,4,11,11,0,0,36.36,4,caught,1,37,1992
07-Mar-92,Zimbabwe,Hamilton,81,88,77,8,1,105.19,4,caught,1,36,1992
04-Mar-92,Pakistan,Sydney,54,91,62,3,0,87.09,5,not out,1,35,1992
01-Mar-92,Australia,Brisbane,11,19,19,1,0,57.89,4,caught,2,34,1992
28-Feb-92,Sri Lanka,Mackay,-1,-1,-1,-1,-1,-1,-1,-1,1,33,1992
22-Feb-92,England,Perth,35,51,44,5,0,79.54,4,caught,2,32,1992
20-Jan-92,Australia,Sydney,69,116,100,3,0,69,4,caught,2,31,1992
18-Jan-92,Australia,Melbourne,4,12,10,0,0,40,4,caught,2,30,1992
16-Jan-92,West Indies,Melbourne,57,118,88,2,0,64.77,4,not out,2,29,1992
14-Jan-92,Australia,Sydney,31,64,44,1,0,70.45,5,run out,1,28,1992
11-Jan-92,West Indies,Brisbane,77,157,127,5,0,60.62,4,caught,1,27,1992
15-Dec-91,Australia,Adelaide,21,38,35,3,0,60,4,caught,1,26,1991
14-Dec-91,West Indies,Adelaide,48,62,57,2,0,84.21,4,caught,1,25,1991
10-Dec-91,Australia,Hobart,57,111,107,3,0,53.27,4,caught,1,24,1991
08-Dec-91,Australia,Perth,36,79,65,3,0,55.38,4,caught,1,23,1991
06-Dec-91,West Indies,Perth,1,14,9,0,0,11.11,4,caught,1,22,1991
14-Nov-91,South Africa,New Delhi,1,,3,0,0,33.33,4,caught,1,21,1991
12-Nov-91,South Africa,Gwalior,4,,8,0,0,50,4,caught,1,20,1991
10-Nov-91,South Africa,Kolkata,62,,73,8,1,84.93,4,caught,2,19,1991
25-Oct-91,Pakistan,Sharjah,0,,1,0,0,0,5,lbw,2,18,1991
23-Oct-91,Pakistan,Sharjah,49,,38,3,2,128.94,5,caught,2,17,1991
22-Oct-91,West Indies,Sharjah,11,,27,1,0,40.74,5,not out,2,16,1991
19-Oct-91,West Indies,Sharjah,22,,27,3,0,81.48,5,run out,1,15,1991
18-Oct-91,Pakistan,Sharjah,52,,40,5,0,130,5,not out,1,14,1991
04-Jan-91,Sri Lanka,Kolkata,53,,70,2,0,75.71,4,lbw,2,13,1991
28-Dec-90,Sri Lanka,Cuttack,4,,11,0,0,36.36,5,lbw,2,12,1990
25-Dec-90,Bangladesh,Chandigarh,-1,-1,-1,-1,-1,-1,-1,-1,2,11,1990
08-Dec-90,Sri Lanka,Margao,30,,29,1,2,103.44,5,caught,1,10,1990
05-Dec-90,Sri Lanka,Pune,53,,41,7,1,129.26,5,bowled,2,9,1990
01-Dec-90,Sri Lanka,Nagpur,36,,22,3,2,163.63,5,bowled,1,8,1990
20-Jul-90,England,Nottingham,31,31,26,3,0,119.23,6,bowled,2,7,1990
18-Jul-90,England,Leeds,19,38,35,1,1,54.28,4,bowled,2,6,1990
27-Apr-90,Pakistan,Sharjah,20,,25,1,0,80,7,caught,2,5,1990
25-Apr-90,Sri Lanka,Sharjah,10,,12,0,0,83.33,5,run out,1,4,1990
06-Mar-90,New Zealand,Wellington,36,51,39,5,0,92.3,6,caught,1,3,1990
01-Mar-90,New Zealand,Dunedin,0,2,2,0,0,0,5,caught,2,2,1990
18-Dec-89,Pakistan,Gujranwala,0,,2,0,0,0,5,caught,2,1,1989
